"X1","X2","X3","X4","X5","group"
0.0399794906041242,0.576587704814421,-0.324351893761301,0.446484078553176,-0.342276319864447,"1"
1.53562502973628,-6.06900076148015,-1.2970741935525,5.51438668933353,0.473252898316213,"4"
-4.01530777269607,2.73365550786762,2.56297130741017,1.14562183592685,-2.87233140202552,"2"
-4.76295655227998,2.53135129048553,4.17151421090287,1.68514931794448,-2.87233140202552,"2"
1.27455019972972,1.25368119824841,1.63028781339425,-0.992961479341013,1.23599557198243,"1"
0.325232409346274,-4.36425711348337,-1.40541652434534,5.93966122411362,1.01344312813903,"4"
0.373415043533984,-2.89797842861836,-1.11234848126747,2.54009215698372,-0.994230089433856,"4"
-1.34561294426262,-2.58086448198098,0.800321329339097,5.19691418745125,1.64244681082536,"4"
0.0399794906041242,-1.43329388835084,-1.54491908933941,2.57696079858652,0.194607685520641,"4"
-0.843912082189772,-3.77292993822381,0.067667149198628,6.60061193655647,0.313113044888253,"4"
-2.98216615384798,4.46528289611429,2.75261799265014,2.15593057726784,-0.22399868035792,"2"
-0.788011162434646,-4.38841283697336,-1.40541652434534,4.82283222717712,-0.0575747700655465,"4"
1.27455019972972,-4.09645427064779,-2.02324314176942,3.11303118260372,-1.08485099627976,"4"
3.39798561747942,2.47546070354829,-1.85143729751716,2.57696079858652,-2.9075892232187,"3"
-2.91750811074224,3.93977156874394,1.51210669501088,2.25290811585547,-0.367910268248967,"2"
3.63981397937206,0.780293710023412,-1.85143729751716,-0.659375297035356,-3.10896649384782,"1"
-1.79583691353895,6.29984936261127,0.470525628742413,2.52310160727472,-1.54953687677875,"2"
-2.38976230752824,5.16861684591852,1.38965217325212,2.96335778256128,-1.54153216786215,"2"
3.57527142459025,3.78143769370904,-0.746187677063199,0.143922980243743,-0.889248108776362,"3"
0.862286997570284,-2.0154044418713,0.512603440432822,-0.110807651129224,-0.646137752039902,"1"
1.30883941325239,2.21984877937205,-0.751529735083205,-0.488842178274823,-2.03211550054287,"3"
-1.27651029680335,-1.08385229309945,-0.265163722742986,-1.11487137495097,-0.768105100391248,"1"
0.351768255021409,-4.36425711348337,-1.2970741935525,3.05956082344825,0.194607685520641,"4"
-3.77372615999644,5.21682641610022,0.49627422890142,1.62950612878149,0.08682540224378,"2"
-3.28860417231939,4.96572625786405,2.94528577604558,1.68514931794448,-1.49281407961932,"2"
0.325232409346274,-4.36425711348337,-2.02324314176942,3.92205072590178,1.3263720157533,"4"
3.7963353130153,3.96657102430005,0.128975640392681,0.613944093555152,-1.97069219948309,"3"
4.16960879294876,2.79949117605788,0.34531426199814,-1.17794474546946,-3.22987012025809,"3"
0.984180028999924,0.918303429389085,-0.751529735083205,-1.55127707183709,1.23599557198243,"1"
4.70939889116799,4.34106154292843,1.05878801710556,-0.941713569584712,-4.18087939398177,"3"
0.88473871343753,-2.06188435765354,-1.67230560231928,3.3102466256803,0.317025043916582,"4"
3.7963353130153,3.78143769370904,0.861485061491683,-0.670823447201927,-4.18087939398177,"3"
0.54865276317223,-1.4502463489239,-0.574244577839134,0.353363116248166,-0.846023002983523,"1"
1.53562502973628,-0.778460258160201,1.73974364524529,-0.0808018854897269,0.115829667383109,"1"
-4.76295655227998,2.73365550786762,3.5771582242187,1.48913064162103,-4.51974447432014,"2"
-0.393123471171933,-5.03966995249487,-1.2970741935525,6.60061193655647,-0.768105100391248,"4"
-1.54244912699336,3.35704876066503,1.09833114138009,2.50665838788687,-0.191119326028602,"2"
-2.85743261147694,5.04483104866126,1.75810224385399,1.16066715798896,-0.00834545449533663,"2"
-2.98216615384798,3.50097087218941,1.75810224385399,2.13424449696694,1.20350632593356,"2"
-2.66294418916608,4.77831991056286,2.83080458796141,2.13424449696694,-0.836869419192257,"2"
4.96607634506245,3.69765900344604,-0.0476917182630529,1.47790532708634,-2.93865994797036,"3"
1.53562502973628,-3.73304358173438,0.127957607107308,4.69849566216084,1.0995468179654,"4"
-0.714377722097446,-3.263803343278,0.800321329339097,4.96118314530077,0.316243482004124,"4"
-3.51896950423384,2.58094338425054,3.5771582242187,1.62950612878149,-2.87233140202552,"2"
3.46091119912742,3.78143769370904,-0.870427796860022,-1.67887429934507,-2.826005677088,"3"
-1.48017880912516,3.35614476010936,1.38965217325212,2.50665838788687,0.959050874146773,"2"
2.57760767757669,-3.84963180417697,0.851464721099281,6.60061193655647,-3.10896649384782,"4"
-2.91750811074224,4.80160583678591,2.75261799265014,2.25290811585547,-0.780561266385844,"2"
0.247726597986655,-4.36425711348337,-1.2970741935525,5.58868594378322,-1.13545954189786,"4"
1.70165012226715,-3.84963180417697,-1.01809742533225,4.76895959565397,-0.106458488983102,"4"
-0.12786820511514,-2.25437325933895,-0.908583423785547,4.05383973473772,0.307105641969854,"4"
-0.563851716901169,-2.7429073259743,0.800321329339097,5.13343985428613,0.117254177751353,"4"
-1.79583691353895,6.29984936261127,2.7510271696718,0.234875111651308,-0.22399868035792,"2"
3.63981397937206,1.97366077908448,-0.746187677063199,-0.488842178274823,-2.35153926501591,"3"
-0.788011162434646,-4.38841283697336,-1.2970741935525,3.05956082344825,0.000433529947250932,"4"
2.96100929324712,5.71650509844795,0.146365175282108,0.613944093555152,-3.19560791645892,"3"
2.13966081476527,-0.0720460459071427,-0.751529735083205,-2.02579325836266,1.23599557198243,"1"
-2.29508110702336,4.78670216856934,0.770894530676447,3.30243192545732,-3.39311353013463,"2"
0.0399794906041242,0.611730858934381,-0.645594258718382,-0.488842178274823,-0.293701876332905,"1"
-0.0952298013879883,0.0704850886141071,-0.324351893761301,0.52098251718056,0.757134373176115,"1"
0.325232409346274,-3.20271317125766,-0.899248587054657,6.60061193655647,1.01344312813903,"4"
0.852508338204671,3.16019501482032,1.0946259565312,-0.992961479341013,-1.81907034461641,"3"
-0.983435115115854,-4.38841283697336,-2.658029743431,3.92205072590178,-1.08485099627976,"4"
-4.01530777269607,4.8016324299009,2.94528577604558,2.00554061853276,-0.608157574155096,"2"
-2.17785517905855,6.4482189169131,1.52313333162544,1.23999040505406,-1.49281407961932,"2"
-1.48017880912516,4.0681563499724,2.7510271696718,2.21168473090637,-0.367910268248967,"2"
1.70165012226715,1.93215723496585,1.49721424356915,-1.41462490864921,0.246348172620907,"3"
4.38549914669251,2.79949117605788,0.861485061491683,0.20900428787281,-1.52824823461038,"3"
-0.524846121900078,-0.514936920316582,0.214037656899773,-0.802274606003302,-0.0575747700655465,"1"
2.57760767757669,-0.99548278623829,0.512603440432822,1.72928713599694,-4.17940446380294,"1"
0.247726597986655,-4.36425711348337,-2.09343795189282,5.60643991407645,0.0297083798565956,"4"
2.42689362624632,-6.06900076148015,-0.927634235693846,4.69849566216084,-3.22987012025809,"4"
5.10089713708491,3.49940795941447,-1.21849003229618,-1.67887429934507,-3.95810857897617,"3"
-4.4152792727438,2.53135129048553,3.5771582242187,0.5391091114128,0.246348172620907,"2"
4.16960879294876,1.95657901813952,-0.0899085031041588,0.408365628348678,-1.34264970785445,"3"
-0.262966257041405,-5.03966995249487,-1.40541652434534,4.69849566216084,-0.640923474637498,"4"
0.325232409346274,-4.36425711348337,-2.02324314176942,3.92205072590178,0.0297083798565956,"4"
-0.572774478313271,-2.25437325933895,0.800321329339097,3.73127238950377,-0.640923474637498,"4"
3.00899108242232,4.08676342873918,0.168092770122179,-0.175560712739126,-4.11516281588443,"3"
-2.00996887778737,6.4482189169131,2.7510271696718,4.26407975117521,-3.39311353013463,"2"
3.57527142459025,3.38830653035308,-0.746187677063199,1.47790532708634,-4.46554945765132,"3"
0.247726597986655,-4.36425711348337,-2.02324314176942,5.40860366701942,0.0297083798565956,"4"
1.49750188044188,1.93215723496585,1.63028781339425,-0.258158832480833,-1.81907034461641,"3"
-0.714377722097446,-0.252361313837896,1.41589616057166,-0.802274606003302,0.316243482004124,"1"
4.39830979134994,1.95657901813952,-0.568809808281455,-0.258158832480833,-1.34264970785445,"3"
4.70939889116799,4.22624404286326,-0.416027394181348,-0.302604903594371,-4.18087939398177,"3"
-1.54244912699336,-4.3078663245028,2.16370305261997,4.69849566216084,0.132661654313364,"4"
1.49750188044188,-0.99548278623829,0.512603440432822,-0.0808018854897269,0.783419955776521,"1"
-0.524846121900078,-0.514936920316582,-0.986074341647656,-2.52300039044421,0.313113044888253,"1"
-1.54244912699336,3.35704876066503,2.7510271696718,4.26407975117521,-1.01716871025671,"2"
-2.77555359227949,4.56576246787928,3.21187069990462,1.6823258952628,-0.22399868035792,"2"
0.0399794906041242,-2.18559962801621,-0.670360580480318,4.90870092362243,0.307107157057752,"4"
0.653935344114721,-1.4502463489239,-0.574244577839134,0.742988466374762,0.307105641969854,"1"
-2.29508110702336,4.78670216856934,1.66044330826083,2.52310160727472,0.436179397441236,"2"
4.25816092894695,2.79949117605788,-1.20175617239158,-1.55127707183709,-2.64705734060606,"3"
4.39830979134994,4.54092082784251,-0.0476917182630529,-0.434300855299695,-3.5468580953974,"3"
-1.48017880912516,4.0681563499724,1.94733942709211,2.52310160727472,-0.367910268248967,"2"
-4.4152792727438,2.53135129048553,2.56297130741017,1.10638038046641,-1.81907034461641,"2"
-0.524846121900078,-1.91977181372376,-0.800436582107892,-0.0808018854897269,-1.34834634752548,"1"
-1.79583691353895,4.78670216856934,2.7510271696718,2.50665838788687,-0.780561266385844,"2"
1.40259519864444,-4.9411620048423,-0.927634235693846,4.69849566216084,-0.994230089433856,"4"
-4.76295655227998,4.96572625786405,1.55155536966748,1.07052319460101,-0.780561266385844,"2"
-4.4152792727438,4.84475251198329,1.44046150668936,1.35368246828536,-0.371946899892109,"2"
0.862286997570284,-4.09645427064779,-3.28059174561623,3.11303118260372,0.726569092667969,"4"
1.30883941325239,2.98454066195016,-0.593824830179097,-1.55127707183709,-1.51548626986602,"3"
-2.38976230752824,3.68679248608896,0.470525628742413,1.16066715798896,0.431726796967802,"2"
-3.2443049947927,2.53135129048553,0.570699454563408,1.40727092621511,-0.897890496381115,"2"
4.3888954838713,2.79949117605788,0.279972627866524,-1.17794474546946,-2.32516028391523,"3"
3.00899108242232,3.56911662200301,1.04805080237188,-1.2067818408647,-4.18087939398177,"3"
2.52910790054757,-3.3931591305125,-1.67230560231928,5.40860366701942,-2.64705734060606,"4"
1.70165012226715,-3.3931591305125,-4.3183636074255,4.07553566440544,-1.08485099627976,"4"
-0.691185364081381,-0.514936920316582,-0.489031877939149,1.48567665889729,0.132661654313364,"1"
-0.274114040687431,-0.514936920316582,-0.800436582107892,-2.02579325836266,-0.768105100391248,"1"
4.60391649470814,1.95657901813952,-1.30931378464833,0.184711959189797,-3.22987012025809,"3"
-2.60172722560931,4.22575487270028,2.06316352169807,2.96335778256128,-1.01716871025671,"2"
4.39830979134994,4.89895734782239,0.279972627866524,-0.941713569584712,-4.20095362930351,"3"
-2.91750811074224,5.52947761935923,3.48483466913259,2.48625621000578,0.436179397441236,"2"
1.53562502973628,-4.9411620048423,-2.19782165255758,4.07553566440544,2.10388199995387,"4"
-0.0566696880495405,-1.37298127341855,0.214037656899773,0.742988466374762,-0.145286506865671,"1"
4.16242844502627,2.35704615396981,-0.646240708356398,-1.2774445225263,-3.22987012025809,"3"
-0.339752349091006,-4.31080703568615,-3.28059174561623,4.07553566440544,1.3263720157533,"4"
1.09514876152781,1.25368119824841,1.63028781339425,0.20900428787281,-0.0539569508838083,"1"
-3.28860417231939,2.53135129048553,3.5771582242187,1.06355432302766,-1.51548626986602,"2"
-1.70532957689662,4.06244906208875,2.6576340225372,2.52310160727472,-0.932187575952865,"2"
1.70165012226715,-3.84963180417697,0.067667149198628,5.8468696515738,-0.324036302394121,"4"
4.70939889116799,4.22624404286326,1.05878801710556,2.53620197674866,-4.11516281588443,"3"
2.13590473063416,-3.73304358173438,0.067667149198628,5.93966122411362,0.626683403368003,"4"
-0.691185364081381,0.601616680752306,-0.329159935257419,0.346961433494891,0.000433529947250932,"1"
3.46091119912742,3.96657102430005,-0.870427796860022,-0.941713569584712,-4.20095362930351,"3"
-0.788011162434646,-2.57620881949151,0.331329206170887,5.30601584967746,-0.880593062979156,"4"
0.307535697443901,-4.00349547612061,-1.2970741935525,5.8468696515738,0.307107157057752,"4"
-2.85743261147694,4.41818098098247,1.75810224385399,2.96335778256128,-1.12100183087472,"2"
4.70939889116799,4.34106154292843,-0.989259042632711,-0.175560712739126,-4.46554945765132,"3"
-4.36627656920877,4.84475251198329,0.49627422890142,1.19129445916729,-1.57331771856979,"2"
-0.563851716901169,-2.58460248474277,-0.908583423785547,2.41089528396673,-0.428475771100833,"4"
3.08937640767227,5.71650509844795,-0.156824178687716,2.53620197674866,-3.05532880600282,"3"
2.52910790054757,-6.06900076148015,-1.14463243679273,5.93966122411362,-2.03451089713132,"4"
4.16242844502627,3.38830653035308,0.861485061491683,-1.2067818408647,-3.71291628513958,"3"
-0.393123471171933,-5.03966995249487,-2.658029743431,4.07553566440544,0.317025043916582,"4"
1.09273068441817,-4.09645427064779,-2.09343795189282,5.60643991407645,0.0297083798565956,"4"
3.3405580394291,4.08676342873918,-0.55185784564902,-0.941713569584712,-3.3745690045506,"3"
-2.00996887778737,4.78670216856934,2.06316352169807,4.26407975117521,-1.01716871025671,"2"
-1.44184568530012,4.81576598533153,0.168092770122179,2.59412792466479,-1.54153216786215,"2"
3.08870384858274,3.56911662200301,1.11631118267068,-1.16582880928206,-6.35658490732233,"3"
1.09273068441817,-2.0154044418713,0.512603440432822,-0.906466239371006,0.518946691562147,"1"
1.09047841376143,0.918303429389085,-0.751529735083205,-0.717621043627015,-0.293701876332905,"1"
3.39798561747942,4.08676342873918,-0.746187677063199,-0.302604903594371,-3.95810857897617,"3"
-1.54637351435445,-4.3078663245028,2.16370305261997,6.60061193655647,-0.0575747700655465,"4"
-3.28860417231939,5.21682641610022,2.94528577604558,1.35368246828536,-0.780561266385844,"2"
1.53562502973628,-0.0720460459071427,1.63028781339425,-0.802274606003302,0.162105657028244,"1"
-2.00996887778737,6.29984936261127,1.09833114138009,2.21168473090637,-1.43901489040772,"2"
0.821955423794651,0.894676372132952,-0.36170074391859,-0.992961479341013,0.796716605474775,"1"
-2.17785517905855,4.78670216856934,1.30333950633774,2.50665838788687,-0.616943623581236,"2"
2.57760767757669,1.93215723496585,-0.729690120103406,-1.17833993690761,-3.50013147611641,"3"
1.09047841376143,0.657450780132045,1.63028781339425,-0.992961479341013,0.796716605474775,"1"
4.38549914669251,2.79949117605788,0.34531426199814,-0.103020495675388,-2.63022430254547,"3"
0.653935344114721,-3.7290758698638,0.851464721099281,4.72521879033968,0.626683403368003,"4"
-1.54244912699336,-0.311844122344656,4.17151421090287,1.23999040505406,-0.0575747700655465,"1"
3.08870384858274,3.64853883180513,1.1319069116182,-0.579468333325667,-2.63758969146802,"3"
-0.000180850436521427,0.611730858934381,-0.831496419163584,0.0200353663515804,-0.518514358222115,"1"
-1.54637351435445,4.0681563499724,1.09833114138009,2.52310160727472,-0.932187575952865,"2"
1.49750188044188,-0.99548278623829,0.41698514669243,0.353363116248166,0.115829667383109,"1"
-2.00996887778737,6.29984936261127,1.30333950633774,0.234875111651308,-1.54953687677875,"2"
0.862286997570284,-0.720721445157333,0.512603440432822,0.0551249694706367,-0.65999843463341,"1"
-2.17785517905855,6.29984936261127,1.94733942709211,2.21168473090637,-0.22399868035792,"2"
-0.0566696880495405,-1.43329388835084,-1.54491908933941,3.77782981714354,-0.315503013667073,"4"
-0.000180850436521427,1.74662811958055,-0.55419728731497,-0.0396317568026366,0.783419955776521,"2"
-2.91750811074224,5.58193744609513,2.75261799265014,2.48625621000578,0.436179397441236,"2"
0.325232409346274,-0.397963976568757,-1.70755026347949,1.08196802757746,0.726569092667969,"1"
-0.262966257041405,-2.7429073259743,-1.67230560231928,5.17173368840524,1.3263720157533,"4"
-3.51896950423384,5.46581885246143,0.719752227544621,1.68514931794448,-1.13903282804094,"2"
2.57760767757669,-0.778460258160201,-0.530394466053676,-0.0808018854897269,-4.17940446380294,"1"
-2.55469337095028,4.46528289611429,1.24855820723021,1.59333533633157,-1.54953687677875,"2"
0.653935344114721,-4.51359986952303,-1.14463243679273,5.477357904446,1.01344312813903,"4"
-2.00996887778737,4.78670216856934,1.30333950633774,1.23999040505406,0.08682540224378,"2"
4.16242844502627,3.78143769370904,0.128975640392681,-1.16582880928206,-3.71291628513958,"3"
-1.34561294426262,4.81576598533153,0.168092770122179,1.98761119268482,-2.34521737973197,"2"
0.200666197955343,0.611730858934381,-0.329159935257419,0.197880658228362,-0.518514358222115,"1"
0.810277383253093,-0.587620436426032,0.512603440432822,-2.52300039044421,0.518946691562147,"1"
-1.54244912699336,3.7897545661961,1.30333950633774,4.26407975117521,-1.12100183087472,"2"
3.7963353130153,2.51636894330357,-0.0899085031041588,1.44190528317613,-3.50013147611641,"3"
4.16242844502627,3.96657102430005,0.861485061491683,0.222856600708146,-1.64469861553557,"3"
0.653935344114721,-2.46921612679725,-0.167289840997648,4.90373326300899,0.432598814971659,"4"
3.57527142459025,2.35704615396981,-0.55185784564902,0.346961433494891,-2.32516028391523,"3"
-0.57870400959254,-1.72289782010867,-0.725414809360152,-0.0808018854897269,-0.880593062979156,"1"
3.93990744198832,3.38830653035308,0.128975640392681,-1.31852479304911,-3.08805871871563,"3"
1.33630640607355,-3.3931591305125,-1.67230560231928,2.57243199199022,1.29760568492182,"4"
-0.563851716901169,-0.514936920316582,-0.249989684973569,-0.802274606003302,-0.640923474637498,"1"
-0.788011162434646,-3.263803343278,-0.908583423785547,3.70515099018331,0.316243482004124,"4"
0.27899270806973,1.27314073260389,-0.55419728731497,0.52098251718056,0.00642610433200758,"1"
3.03628742344237,2.47546070354829,-0.751529735083205,0.0200353663515804,-2.35153926501591,"3"
4.96607634506245,3.69765900344604,-0.989259042632711,-1.2067818408647,-3.5468580953974,"3"
-0.788011162434646,-4.38841283697336,-1.14463243679273,4.72521879033968,-0.768105100391248,"4"
1.40259519864444,2.98454066195016,1.49721424356915,0.52098251718056,-4.51974447432014,"3"
1.53562502973628,-3.73304358173438,0.127957607107308,6.60061193655647,0.181302533279346,"4"
2.13590473063416,-3.84963180417697,0.127957607107308,4.69849566216084,1.71653176666368,"4"
-3.51896950423384,5.35752148307949,1.17804146302335,1.62950612878149,-1.57331771856979,"2"
0.351768255021409,1.27314073260389,-0.645594258718382,0.0200353663515804,-0.65999843463341,"1"
1.90957887902284,4.32531219480939,1.04805080237188,1.8539940902264,0.014700310470922,"3"
0.810277383253093,-3.55975829604567,0.067667149198628,3.70515099018331,-0.324036302394121,"4"
-1.48017880912516,-4.3078663245028,3.5771582242187,4.72521879033968,-0.640923474637498,"4"
-0.524846121900078,-5.03966995249487,-3.28059174561623,3.73918439294143,2.10388199995387,"4"
3.46091119912742,3.96657102430005,-0.746187677063199,1.8539940902264,-1.22925329615398,"3"
3.47483110130082,3.96657102430005,-1.28263398163142,0.184711959189797,-2.93865994797036,"3"
-2.98216615384798,5.58193744609513,2.83080458796141,1.16066715798896,-0.22399868035792,"2"
-0.983435115115854,-3.77292993822381,0.851464721099281,5.58868594378322,-0.63684214231785,"4"
0.54865276317223,-2.46921612679725,0.331329206170887,4.90373326300899,1.0995468179654,"4"
3.46091119912742,3.96657102430005,-0.72993546684502,1.98761119268482,-4.11516281588443,"3"
0.325232409346274,1.27314073260389,0.809869829009082,0.446484078553176,0.115829667383109,"1"
4.46236546075822,3.73103159668587,0.279972627866524,-1.22640740649916,-3.3745690045506,"3"
0.011244944758355,0.0704850886141071,-0.645594258718382,0.0200353663515804,-0.518514358222115,"1"
2.57760767757669,-6.06900076148015,-1.2970741935525,4.82283222717712,-1.52824823461038,"4"
1.3305468681072,-3.84963180417697,0.851464721099281,4.82283222717712,0.699506537579406,"4"
-0.0566696880495405,0.0704850886141071,-0.329159935257419,0.408365628348678,-0.65999843463341,"1"
-2.77555359227949,4.56576246787928,1.75810224385399,1.59333533633157,-0.22399868035792,"2"
-0.524846121900078,0.604471649725396,1.4087743250794,0.346961433494891,0.623518569799189,"1"
1.30883941325239,-6.06900076148015,-1.2970741935525,4.76895959565397,0.194607685520641,"4"
4.16242844502627,3.96657102430005,-1.38906407774648,1.08196802757746,-1.64469861553557,"3"
-2.38976230752824,3.68679248608896,3.60218581912571,1.93401427543696,-1.75522757964345,"2"
3.46091119912742,5.31270564478136,-0.870427796860022,-0.941713569584712,-3.71291628513958,"3"
4.16242844502627,5.31270564478136,0.861485061491683,-0.941713569584712,-4.18087939398177,"3"
5.10089713708491,4.01014242952069,1.05878801710556,-0.941713569584712,-2.63758969146802,"3"
0.0851430317935566,0.611730858934381,-0.329159935257419,-0.992961479341013,1.23599557198243,"1"
-1.54244912699336,4.0681563499724,2.06316352169807,2.50665838788687,1.20350632593356,"2"
-2.91750811074224,3.93977156874394,1.75810224385399,2.13424449696694,0.959050874146773,"2"
3.71745854778566,3.96657102430005,-0.870427796860022,-0.941713569584712,-4.18087939398177,"3"
-3.4084317453242,5.46581885246143,1.26060722838188,1.40727092621511,0.08682540224378,"2"
3.57527142459025,3.74490110451955,-0.55185784564902,0.143922980243743,-1.64469861553557,"3"
-2.55469337095028,5.52947761935923,1.30333950633774,2.13424449696694,-1.77164445923154,"2"
-2.38976230752824,5.04483104866126,0.770894530676447,2.28988736630053,-1.54953687677875,"2"
-0.524846121900078,-0.514936920316582,-1.2089924996818,-1.07803237329061,-0.768105100391248,"1"
0.0399794906041242,0.0651936619865321,0.809869829009082,-0.675383949041224,1.010703912013,"1"
4.16242844502627,3.96657102430005,0.34531426199814,0.613944093555152,-4.11516281588443,"3"
-2.85743261147694,5.58193744609513,1.51210669501088,1.59333533633157,0.08682540224378,"2"
1.70165012226715,-6.06900076148015,-1.14463243679273,5.58868594378322,0.432598814971659,"4"
0.0851430317935566,-2.18559962801621,-4.3183636074255,4.90373326300899,0.396439535870771,"4"
-1.27651029680335,-2.58086448198098,-0.899248587054657,2.54009215698372,-0.640923474637498,"4"
-0.54393749728987,-1.72289782010867,-1.2089924996818,-0.624616418183429,-1.34834634752548,"1"
5.10089713708491,3.69765900344604,0.279972627866524,-1.22640740649916,-4.18087939398177,"3"
4.16242844502627,3.78143769370904,0.34531426199814,-0.670823447201927,-3.4822638906334,"3"
1.90957887902284,-4.9411620048423,-3.78519204480617,4.07553566440544,0.317025043916582,"4"
4.39830979134994,2.79949117605788,-0.0476917182630529,-1.17794474546946,-3.50013147611641,"3"
-2.98216615384798,3.68679248608896,1.51210669501088,1.16066715798896,-0.367910268248967,"2"
-0.350281204912571,-2.25437325933895,-1.78476680490955,5.13343985428613,1.29760568492182,"4"
-2.00996887778737,5.09253993138479,1.30333950633774,2.14696689555143,-1.57331771856979,"2"
-2.00996887778737,6.29984936261127,1.09833114138009,1.23999040505406,-1.57331771856979,"2"
4.70939889116799,4.34106154292843,-0.416027394181348,-0.941713569584712,-3.3745690045506,"3"
1.90957887902284,-3.84963180417697,-1.62986167393938,5.93966122411362,1.01344312813903,"4"
-3.89372768529107,2.58094338425054,0.570699454563408,1.48913064162103,-4.51974447432014,"2"
3.93990744198832,5.31270564478136,-1.20175617239158,1.98761119268482,-1.22925329615398,"3"
