"X1","X2","X3","X4","X5","X6","X7","X8","X9","X10","group"
2.56036844609473,0.292357599604008,-1.10310227621598,-4.70716521222348,1.75050395210206,-0.423193528089279,1.37876609548132,0.278507133720154,-2.83783233971872,2.94932185242845,"2"
1.68156160404749,1.48476534035802,-0.646275785384656,-4.17402694938055,1.55637959795684,-0.7575746378013,0.418106931561909,-0.485797689984819,-1.29897938758456,3.74496566983757,"2"
0.0347196105569753,3.07878324572514,-1.24628792486021,-4.71431834342555,1.90359517392399,1.55289839030079,-0.663935440296729,1.56210893835779,-0.967203350469843,2.18322966100301,"2"
0.494899840556657,-0.422369177606547,-1.69204705791431,0.180445064109682,0.175380959875734,0.206664593730361,-0.296306448454264,0.838157389880332,-0.88649627014487,0.864613125427886,"1"
-0.403463078212747,2.20946896063888,-2.25905735300076,-2.48753339039143,1.27845202339351,-1.67877251659151,-0.636129865322244,1.18567249170953,-0.967203350469843,2.61125147822808,"2"
-0.61401773311983,-1.52599809058154,0.493971069008718,0.405211217136606,1.01962631092635,-0.217583425619152,1.37378074916948,0.225530687494906,-1.54050634988715,-0.435140570082045,"1"
-0.119699091648821,3.25673762372467,-1.99611222252681,1.04084768962511,2.54775193062918,-3.15811808582269,-0.503939985205266,-2.05084481047762,1.68827239178394,0.85034338933182,"1"
0.790749197868209,5.03215187469168,-2.88357976434973,2.37450865211356,1.94993643760963,-1.38964994332687,0.0501673061922761,-2.33119931934607,0.48571412715475,0.953679333044993,"3"
3.04920171593102,0.0943724679540433,-1.10310227621598,-2.97781693400337,1.12409363490003,-0.423193528089279,0.467125416536483,1.17819289648377,-2.23329467572377,1.3057177534482,"2"
0.785829278623712,-1.12421926488113,-1.860454635392,0.189764320750504,-2.26502777321854,-0.761519343028425,-0.0944784974928735,1.09916999354017,1.5445237508086,-0.18743075483695,"1"
0.548546376769919,0.0823870270286852,-1.42740914285525,-2.7426562305953,3.33424324110835,-0.316723089179348,-0.722030026592189,-0.873751799347913,-1.35019441472864,3.37217108120351,"2"
0.391699056373751,5.34785782112271,0.65117505721296,1.84201595794925,2.64042096213621,-2.42809628434075,-1.40944987001101,-2.12804728615384,0.449941340364407,1.09348500120003,"3"
0.204376543138383,0.687708281714582,-2.60731528014838,-3.53819743437963,1.66895092477913,-0.98884732883954,1.3129876434547,-0.994191459884599,-2.91428878586147,2.52849928961857,"2"
-0.119699091648821,5.03543591251692,-1.52928067594764,2.12216885286067,2.15030841685178,-0.25330439888603,-1.01532365355415,-1.00339232764812,3.37873807084232,-0.884701283805871,"3"
0.195848655524442,-0.670523199692653,-0.277741542564569,-0.315034618926401,1.04882159480554,-0.868161292880478,0.736983062519426,0.225530687494906,-0.917158885642878,2.75783453882727,"1"
-0.119699091648821,3.25673762372467,-0.800993795177039,2.39192040496265,3.28824814871815,-3.06858169009858,0.554686612895768,-1.77019949116801,2.34475814886973,1.96534733900547,"3"
-0.384173444528276,0.569056828806267,-0.698935659954602,-0.854059632053409,-1.95222857528305,0.399380920098353,0.550983475468531,0.0951444890664188,0.00972112318740577,-0.18743075483695,"1"
-0.564272266428906,0.47915198898236,-0.202960845033421,1.25259270805622,0.07980551166104,1.09245427036741,-0.521968588374587,0.77284453205468,-0.517062801814717,3.39686628616637,"1"
1.73924397889649,1.74638802554508,-1.1944404330493,-4.70716521222348,0.554488201057755,-2.64755268153384,-1.25590817626624,-0.0586707464094458,0.734771431822246,5.02808999601691,"2"
-0.61401773311983,-1.52599809058154,-0.447740061967088,0.331876476476645,1.01962631092635,0.993229790577702,2.71411217797928,1.95438222973766,-1.54050634988715,0.926845120105067,"2"
1.5599416435527,3.74459715360513,-1.52262012251913,1.43133794051704,0.999853652325675,-6.02685166398024,-0.634706110743482,-3.3348821442461,1.17219845770781,0.44082571187051,"3"
-2.32256468637034,-0.661370131333074,1.73161112542987,0.303947446026481,0.717493771737807,2.06324473142724,1.37378074916948,0.371009407435372,2.13363675131292,-0.920180998066425,"1"
2.56036844609473,3.85587137776547,-1.41397748277515,1.1192903477775,2.50327258335391,-6.02685166398024,2.19235854571559,-0.967486556290816,3.37873807084232,0.712014520907512,"3"
1.16738709131734,1.23329007004288,-3.06947953173667,-3.01905837943883,1.71338040589996,-0.521560685360221,0.554950939711491,0.671549903004258,-1.88385971753111,3.64804590911015,"2"
-0.0189325531120688,-0.175438016935513,-0.381043579677575,0.0642285989347429,0.918968684056561,-1.27111627196973,-1.16300454169272,0.980122954289233,2.56050536230217,0.240863735367661,"1"
1.94867178239906,-2.35939986881644,-1.860454635392,-2.37919928574814,3.22967298667104,0.0730602992970423,-0.487315439634657,-2.4250200275046,-1.46380059567335,2.23186003957401,"2"
-0.621226040453199,-1.91064289895949,0.493971069008718,-0.00823156503941513,-2.26502777321854,0.537746194448613,2.71411217797928,0.522442673408314,0.128416946396343,-0.536452829709852,"1"
0.400342841461582,-1.03085528426665,0.988906504391176,-0.910672555662021,-1.23888849637422,-0.336084006341755,0.862676863949363,-1.20271105343973,-0.122839618118396,-0.321824005739675,"1"
1.43838539654756,1.03570860545333,-3.5205124259446,-3.01905837943883,2.86753749649457,-0.527618373273588,0.255172140813366,1.17819289648377,1.55192878615747,2.28051812354037,"2"
-0.428701447575938,-0.472446019949263,-0.755194739188785,-0.854059632053409,-0.351191926237867,1.2190208094763,0.370064725813247,-0.635661909780798,-0.505475051113584,3.39686628616637,"1"
0.57059705896705,-0.110358096022233,-1.42740914285525,-0.370716910763809,-0.0335527681443578,-0.050562568548958,-0.169915514529906,1.95438222973766,-0.301350474821203,-0.965527556761162,"1"
2.04981131946394,-0.333774984275213,0.407804536462383,-3.78540735503032,0.970929552579625,1.53889958526639,1.97580911399942,-0.186258362806332,-2.21922988328633,2.9757751760237,"2"
2.87844538706145,0.154602878628249,-1.10310227621598,-5.66378878971097,1.75050395210206,0.0359871691053015,-0.933850089125964,0.406000744392676,-2.83783233971872,1.3057177534482,"2"
1.20140031225675,3.72368531867614,-0.934424351307968,1.2970798409123,1.7524034136958,-2.47849360743819,0.141396241433811,-2.73740534764344,2.94209470113711,0.712014520907512,"3"
-0.73407998144651,4.3565906661798,0.760296353328172,3.71441971679194,1.86740468559531,-2.70532169245207,0.573937951439986,-2.51225483391869,2.24507060156646,1.47537171477797,"3"
1.02454184236583,1.61660043788038,-1.9482526962342,-2.24703806451864,0.101240931381612,-1.2270379871697,-0.223788055101561,-0.636078127402097,-1.81184826936574,3.58233253884992,"2"
2.36270367756055,0.650072940299604,-1.02999461258171,-5.67576796528988,1.1602872346416,0.0359871691053015,1.97580911399942,-0.495893066936329,-1.70435039185876,3.18584360048137,"2"
0.790749197868209,0.689533481955043,0.0607144058560554,-1.05792131637329,0.210535650944397,-0.814244645861779,1.22697789972525,-0.693963709865564,1.1806203981671,-0.321824005739675,"1"
0.681863472965807,-0.784045430632184,0.872225839297772,2.4264819941739,-0.771596185553784,-1.63200380432915,-0.940685773768099,0.659687452688402,2.29747063711077,0.479998536481519,"1"
1.95007543968006,1.00699281308649,-2.25106695198506,-3.29032527553291,1.45781120395408,0.578068854766649,0.0378613899346545,-0.495893066936329,-2.56091963939087,2.68938673340213,"2"
-0.822576115287132,4.8106151081664,1.09174027051636,3.13576656967956,1.83854856373887,-1.8421659236637,0.573937951439986,-2.75390930537734,2.47637534932129,0.779947714229135,"3"
0.195848655524442,0.687708281714582,-0.417412159801631,0.723778773033906,0.175316803420916,-1.63915369299171,0.288972415690193,2.02442481131112,1.05679022373313,-1.14448217657077,"1"
0.189766860101436,2.67427859810696,-0.150764031945366,2.63979354802028,0.601590843210822,-2.13176836974455,-0.834085820972412,-1.15241270500456,0.624588815197832,-0.899429495485141,"3"
0.550577723878052,-0.784045430632184,0.872225839297772,1.38175755409881,-0.771596185553784,-1.12605916626368,-0.940685773768099,0.280223177123426,0.542833358524921,-1.90704720463305,"1"
1.57715836368909,5.09900159474918,-0.64460428051094,1.44941248243073,1.78222530959393,-6.02685166398024,0.630057635839731,-2.22976093404412,0.911962816811179,0.435553411093274,"3"
-0.119699091648821,3.26122147432355,-0.358150809383942,2.39192040496265,1.1117882402347,-2.08385104789416,0.0134752006055319,-4.53562587593546,2.547794100277,1.12858771320157,"3"
1.40163626468405,3.61930500312802,0.146462216617478,1.37553946590459,0.999853652325675,-2.19983763708741,-0.339686971733244,-0.902043762608715,0.349535850420452,2.11126821986368,"3"
0.260857322284539,1.0251880992884,-2.60731528014838,-4.84571026693655,2.86753749649457,-0.314228215698827,1.11218495461906,-0.046237159961206,-0.738402567171662,3.74496566983757,"2"
3.04920171593102,1.35689533494322,-0.929628486684956,-4.70716521222348,2.48180878388305,1.03280434022534,-1.14914241178935,-0.0586707464094458,-2.56091963939087,3.3973620069806,"2"
1.67287423380903,1.48476534035802,-0.646275785384656,-3.78540735503032,2.08964750804302,1.7783940976857,0.319134288507344,-2.19265445329886,-2.21286061587035,2.68302427815153,"2"
0.974798303290025,6.47811640384566,0.822727905148399,1.73232775721168,2.64042096213621,-1.09658636148376,-2.65849170922583,-1.67087285019356,2.24507060156646,0.779947714229135,"3"
1.68156160404749,1.54802214504811,0.389473199690205,0.196230663329187,1.68346528198992,0.537746194448613,-1.04847615096771,0.659687452688402,0.0957687826293776,-0.636491239225412,"1"
0.835870862468537,-0.385731159358682,-1.56673329614959,-1.83406079837392,0.572390669958015,1.30522504914725,1.69453138527562,-1.05538667517926,1.1806203981671,-0.61358165145986,"1"
0.717737950584654,3.79530743146039,-2.57435610935944,2.4555112883394,0.446591618438978,-1.39787838013029,-2.92181849067887,-2.60460145361049,2.17631929271765,-0.0535939245174175,"3"
-0.592782854097524,5.13900877516536,-1.09749985141567,3.95347614113292,1.55826255688775,-2.08385104789416,-0.439731552131127,-2.12804728615384,1.32226479291215,0.742901830125551,"3"
1.06433009992707,1.12313777741072,-0.539280786671064,0.582221485202723,0.998553886559668,0.238956060067219,0.236988727962296,-0.0580167303754203,-0.265160709826216,-1.90704720463305,"1"
-0.106391040007936,4.20834733597416,1.41588875543469,2.25300842020598,2.31481095312723,0.107825033790722,0.564169546384617,-2.51225483391869,0.969735081847444,2.37091627731061,"3"
0.494899840556657,4.6071863531155,-0.377191877214559,0.890672672270783,1.78222530959393,-2.60301223215965,-0.677310589860826,-1.57923699615126,2.01234960161766,1.47537171477797,"3"
1.40521793831472,3.61930500312802,0.397404612001305,2.40886998593653,1.58411271332294,-4.00468628194894,1.27064395546547,-2.73740534764344,1.09797096145796,-1.1689759952716,"3"
-0.423432360514012,4.0340044155441,-0.448200575030994,2.22013984934732,0.324222266847321,-1.27831697561711,-1.25590817626624,-2.26855884941225,1.26646128929259,0.953679333044993,"3"
2.36567142012438,1.64921763865241,-3.14032114145006,-4.10021953991291,2.74772310025923,0.0274693430972499,-0.413766703420461,1.16895243027719,0.115152571074697,3.1003143852237,"2"
-0.221613471168436,3.27220046989651,-2.46863936448125,2.97262702142876,2.1068602398702,-1.19610153408723,-0.41243432946408,-1.79973678616961,0.778450626636448,1.57657370843489,"3"
-0.641451027157534,-0.5039745988701,-0.0632981640472886,0.342782126681932,-0.485711747217707,0.993229790577702,0.555786298110231,0.694211077015048,-1.0416966442703,0.738260608427178,"1"
1.31758562165535,3.52095598317628,0.397404612001305,2.80400647556613,1.19884060713822,-4.00468628194894,-0.926585123348376,-2.18981567765682,1.64127949758255,0.653316158689231,"3"
-1.09365915848442,2.7970045791183,0.274627298195847,0.719305640512649,1.86740468559531,-2.98131624745146,-0.189167998211459,-1.82841419986237,1.55076712984537,-0.08418790147299,"3"
0.209630181136963,-0.517843429308636,-0.225514753628805,0.714707934081358,1.6423705005972,-1.63915369299171,-1.10741903067007,1.40742805722226,-0.0893892831880765,1.54734535546133,"1"
1.24029936933838,0.666956996219825,-2.76741566452519,-2.65026048225982,0.903191496487517,-1.2270379871697,2.33502194289469,0.17942337811706,-1.92988180794072,2.66706551946182,"2"
-2.00207439380998,-0.0624368060889322,-0.107630099069404,-0.0186405047150873,0.192639548090813,0.434307726170705,-0.380543128894418,-2.11538115533524,0.279429523380525,-0.451209069384611,"1"
0.0557434875259086,-0.675582491459814,-0.805376687556955,1.28413583114518,-1.00020274674907,-0.533631422508317,-1.10741903067007,1.18567249170953,1.5445237508086,-0.335194046762633,"1"
-0.592782854097524,5.30422087691216,0.760296353328172,2.91971397102506,1.83854856373887,-4.00468628194894,0.554686612895768,-3.1873712378596,3.16645378051521,1.61199112545375,"3"
-0.453877234632104,0.640982977672754,-1.15684178265804,-1.94505988386458,1.09030927962579,-1.90966782038456,0.370064725813247,-0.28592713967972,0.542833358524921,-1.14448217657077,"1"
0.874867917051334,-0.385731159358682,0.0474275197915634,-1.79041723827868,0.210535650944397,-1.45969139810809,0.211913994733797,-0.548832233918766,-1.01202570601621,-0.424158867338677,"1"
-0.27611447024942,-0.844316485316752,-1.87067988494091,-0.234694567048903,-2.26502777321854,0.847535990802853,-0.360918261902705,-2.11538115533524,-0.300475810776797,0.29733767244304,"1"
-1.76661055667812,-0.661370131333074,0.493971069008718,1.43177686047278,1.51778774892536,1.53889958526639,2.71411217797928,0.677079051620497,-0.820312172222416,-0.731664990338904,"1"
0.112544213649964,-0.0443266275745173,-2.85755320776493,-4.43665394750206,2.48425411440537,-0.614488295009076,0.194853127252629,-1.52780443309558,-2.50297434446437,2.61125147822808,"2"
-0.0189325531120688,-0.860664958282439,-3.77726635139644,-4.62193701968198,2.48425411440537,-0.652997548408285,-0.57176956572609,-0.61836324719877,0.192180631601223,0.609893990895982,"2"
2.26626410594539,0.809213562771197,-1.4675906198236,-1.719789024294,0.210535650944397,0.315373992699148,1.33601376924555,-0.636078127402097,-1.23817394359948,-0.700186414307427,"1"
-0.428701447575938,1.21608137043293,-0.928851206878397,-2.25760167907985,0.255940511959441,-0.461747983174678,2.34207251682735,-0.636078127402097,-0.943878263908618,2.18322966100301,"2"
0.0557434875259086,0.637349987258721,-1.7250544972138,-1.94505988386458,-0.376462393910475,0.0569262831229156,1.84282792890267,-1.05538667517926,-1.23817394359948,-1.08102523257785,"1"
0.112544213649964,2.67427859810696,-1.24628792486021,-3.72126447267155,3.35253545554471,-1.50859019106186,0.313042146244202,-0.650233297261614,-1.67393911658594,1.82003134078277,"2"
0.785829278623712,2.10993057064897,-1.06677996616109,-1.03581544603764,1.75334599553791,-1.45095073051521,-0.636129865322244,1.20744255910425,1.05679022373313,0.813409996449698,"3"
1.68486918618089,5.09900159474918,-0.61098671624266,2.54568679830312,1.95484931006051,-6.02685166398024,1.27064395546547,-0.938952048819589,2.73611031853446,0.336072378545048,"3"
0.502027889704292,2.58748100362235,-0.377191877214559,2.39192040496265,0.137874430781669,-2.47849360743819,-0.357369554683906,-1.15241270500456,0.538731471426007,0.603412007979003,"3"
-0.411416626486049,1.21608137043293,1.81768467498496,-0.854059632053409,-1.21244122031602,0.57102444711717,0.555786298110231,-1.54615927286365,-0.540546791752343,-0.700186414307427,"1"
-1.10627212691763,0.538787712763929,0.317380212105764,0.276221638370774,1.26501488922894,-0.761519343028425,0.0104999269313551,3.41502219063592,0.252927280241644,0.438970411806344,"1"
2.82396188162111,1.16536636039329,-0.929628486684956,-5.26690517191924,0.863022438386645,1.7047206596771,0.763714913613584,-0.0586707464094458,0.399208994532729,2.78479308089442,"2"
0.611839815699779,4.12654437734869,-2.88357976434973,1.94371692096112,1.94993643760963,-1.38964994332687,-1.16508371319417,-2.51225483391869,2.547794100277,2.54989784029238,"3"
-1.15137683029786,-0.327508655809403,-0.342184662241138,-0.849582567248979,-0.501015056857329,1.2190208094763,1.09262463541268,0.104510120762038,-0.843055220129944,1.5372673984854,"1"
3.87238127992777,0.0943724679540433,-2.22786854725835,-3.98293477017556,3.4225386231793,-2.43993796352458,-0.722030026592189,-1.55547359089521,-2.7463755309087,2.55180352498581,"2"
0.474413513762517,-0.422369177606547,-0.51400402930833,-0.315034618926401,0.175380959875734,-0.868161292880478,-1.1226002796854,0.738155136691475,0.137424252094146,0.0589366481944818,"1"
1.43838539654756,1.03570860545333,-2.76741566452519,-2.65026048225982,-0.444833762509621,-1.67877251659151,0.467125416536483,0.100918896766603,0.158621893913981,3.64804590911015,"2"
1.28104826385751,3.3701423630562,0.286086013156412,2.33565952794777,2.17227715305415,-2.42809628434075,-0.68794050211108,-0.737711533380546,0.712347429046859,1.2177849636768,"3"
0.679234217980942,2.7773840205062,-1.27768675725911,0.918767647850337,0.137874430781669,-2.568947415084,-0.357369554683906,-2.26855884941225,2.17631929271765,1.34483149717968,"3"
0.224176168809596,-0.795930606968848,-2.85755320776493,-4.89237896789688,3.10383045933731,-2.48487551962953,-1.41570977118631,-0.046237159961206,-1.46380059567335,2.23186003957401,"2"
2.64052373742282,1.64921763865241,-2.61458514552938,-3.2514042128933,2.68355416729375,0.578068854766649,-0.0628136295086538,0.597088330020646,0.115152571074697,1.3057177534482,"2"
1.46351312033002,4.12053494295526,-0.934424351307968,1.21883874314329,0.414734039108065,-1.69756756086876,-0.913728070652266,-2.65094215710957,2.17631929271765,1.13931895709094,"3"
-0.0359247264909011,1.17795007095958,0.8384829962767,0.26171774123829,0.183914851208695,0.232594945704749,0.441400806967012,-0.838751378235538,0.252927280241644,-0.00644715862674127,"1"
1.9083342111216,-2.35939986881644,-1.860454635392,-3.22200866144328,3.02855438096882,0.186844113511352,-1.02206778057389,0.659687452688402,0.192180631601223,2.14307522375405,"2"
-0.524154073936437,-1.86429351635896,-0.436858545977743,-0.00823156503941513,-2.26502777321854,-0.980616414606681,-0.0687362488900791,0.0962812015901307,-0.139656895019376,-0.18743075483695,"1"
1.9925691385016,-0.62385041550235,0.0474275197915634,-3.4071504671613,0.255940511959441,-0.7575746378013,0.197469095719606,-0.186258362806332,0.807274276923223,4.02394536748442,"2"
-0.27611447024942,0.382346793208323,0.25908776099083,0.26171774123829,-2.08932378491496,0.993229790577702,0.441400806967012,0.129328600992773,1.5445237508086,-0.920180998066425,"1"
1.49918832320779,1.03570860545333,-3.23092537391598,-3.08815777728131,2.86753749649457,0.173600433492166,-0.735556457400013,1.12808893095623,-1.26013794497089,2.79956020133008,"2"
1.49918832320779,1.03570860545333,-0.646275785384656,0.197553307202356,-2.30615498818739,-0.26718008415008,0.184680866876161,1.18609149895064,-0.300475810776797,-0.485129782170359,"1"
1.16738709131734,5.30105398869099,-1.12934106070868,1.73232775721168,3.08452001844379,-2.67126661643696,0.141396241433811,-1.90028761691524,0.911962816811179,-0.757513301847818,"3"
0.0347196105569753,-1.39463163291981,0.477105936772194,0.630218535931262,-1.06108421062712,2.29817961421577,-1.9329489446364,0.980122954289233,1.5445237508086,-1.42237971718641,"1"
0.380992955530463,0.479870530638825,0.461642280025259,1.38175755409881,-1.00020274674907,1.53889958526639,1.06645944026119,-0.268625413314707,1.5445237508086,-1.16453637459794,"1"
1.01032433603279,0.909564801041721,-3.5205124259446,-3.01905837943883,2.47503258598689,-1.38497528358248,0.318449064896702,-0.269681466150168,-0.981789505289612,5.02808999601691,"2"
1.05473992099975,1.52385243260459,0.389473199690205,0.630218535931262,0.601590843210822,0.537746194448613,-0.834085820972412,1.40742805722226,0.243340711851234,-1.16453637459794,"1"
0.773698954431271,2.95952033041853,-0.203158724013888,1.98846783611265,0.0634188105664973,-1.32864194564097,1.28268374274575,-0.0769674031529874,2.12483846163991,2.00172290240656,"3"
0.681863472965807,5.24926023720391,0.767342185475327,2.54568679830312,1.19743883236934,-1.62307258223229,-0.405182234057171,-2.75390930537734,2.47637534932129,0.7461587580525,"3"
1.89638780447368,1.00699281308649,-2.29925995546229,-3.31140695400179,1.45781120395408,0.0274693430972499,1.3129876434547,-0.495893066936329,-2.56091963939087,4.10098459668457,"2"
1.93454146690385,-0.62385041550235,0.511353886586064,-3.78540735503032,0.17769328588928,1.50476751925242,1.04343175685399,-1.68985957782224,-0.445780848541659,2.52849928961857,"2"
1.04476529384765,0.837790337222358,-1.26223550995294,-1.719789024294,0.787557039882737,0.614632574684233,0.402245194013032,-1.05538667517926,0.862422610834694,-0.00644715862674127,"1"
-0.275563655257901,0.382346793208323,0.566299856742449,-1.4140469343598,0.16469861833347,-0.202936510325902,0.301679036621788,-0.693963709865564,1.1806203981671,-0.628217101350299,"1"
0.112544213649964,2.67427859810696,-1.99611222252681,0.918767647850337,0.601590843210822,-2.63986836216944,-2.92181849067887,-2.60460145361049,1.29273301472952,-0.08418790147299,"3"
0.195848655524442,0.998243471982639,-1.15684178265804,-1.94505988386458,-0.703231448501517,-2.62853555879855,-0.169915514529906,-0.635661909780798,-0.917158885642878,-0.424158867338677,"1"
1.22892402680097,0.222401080590817,-0.539280786671064,-2.83186872647953,0.970929552579625,1.7783940976857,0.0258674663550703,1.26103360880038,-0.76510779424421,2.86913671506826,"2"
-0.384173444528276,-1.69629528120796,0.477105936772194,-0.906591812513123,-1.23888849637422,-0.217583425619152,-0.0944784974928735,-1.54615927286365,-2.1991778403455,-0.700186414307427,"1"
0.653588874229177,3.12755892016003,-0.414028021450601,2.63979354802028,2.82303752377307,-2.88246705842354,0.864399515781272,-1.77019949116801,1.73807797739094,-1.1689759952716,"3"
1.5599416435527,0.805300644756165,-0.131089974172313,-0.0964870026290566,-1.57120793415487,-0.980616414606681,-1.094577705075,1.5379068392799,2.29747063711077,-0.485129782170359,"1"
2.56036844609473,0.292357599604008,-1.67145613210009,-3.75472973706413,0.903191496487517,-1.48951603574095,0.678814103163457,-1.68985957782224,-3.05658393725573,2.7167128786301,"2"
1.57345231762947,5.1000291523783,-1.75405790998689,1.94371692096112,1.66455806510488,-2.89523654207387,0.630057635839731,-2.22976093404412,-0.260990314971568,-0.757513301847818,"3"
-0.714319070430321,4.8106151081664,-1.12593733377336,1.01847564748437,1.55826255688775,-2.87535646603137,-0.503939985205266,-1.57923699615126,0.436736441539364,0.951956899020857,"3"
0.00606688959489976,3.07878324572514,-0.220611281210868,0.526627384879154,4.52158830770149,-2.45635603550145,-0.246441015992964,-1.82841419986237,2.547794100277,1.86585176638663,"3"
-0.411459458899044,-0.0224221230060486,0.25908776099083,0.212526885772844,-0.880667224348217,0.993229790577702,0.184680866876161,0.16651628171837,-1.07757046422772,0.838904858559653,"2"
0.611839815699779,1.46677249745205,-4.95941837037199,-4.95692469582151,1.90359517392399,-1.00373848007266,0.196841771551759,-0.609886258769948,-1.37524103187199,2.79956020133008,"2"
-0.891499710388026,4.87056010024371,0.760296353328172,2.91971397102506,2.42268726664787,-2.98131624745146,1.27064395546547,0.20973662335257,1.41108900551326,-1.1689759952716,"3"
-1.76661055667812,0.315463568209213,-0.28159850773295,1.43177686047278,0.277853134905507,0.238956060067219,1.1495087068911,0.677079051620497,2.13363675131292,0.335828964496264,"1"
0.46510306402373,-0.422369177606547,-0.51400402930833,0.582221485202723,0.07980551166104,-1.69618296762174,2.49363305430932,0.0962812015901307,1.38317931090389,-1.14448217657077,"1"
-0.130486587490907,4.77019553304484,-0.228973443345913,3.20568059920556,1.12402789389569,-2.54021200651675,-0.156804662148525,-1.61536090612403,2.3304336942873,1.01971375280883,"3"
-1.54619226699889,-0.413692799740565,-0.447740061967088,0.223321758526446,0.946100396565715,1.37559250616452,0.487961606414768,0.16651628171837,0.279429523380525,0.379825723927674,"1"
0.0553879575842653,-0.175438016935513,0.566299856742449,0.30905478199955,0.467985222909826,-0.906177519731319,0.708669864678466,0.351000966884726,-0.917158885642878,-0.435140570082045,"1"
1.60803973825885,1.53850822543392,-1.9482526962342,-3.31019544027649,1.84747272013288,-0.0426266508941554,-2.34395333063899,-1.25545219078893,-0.510262946994981,3.53230005051275,"2"
0.29739985808313,1.0251880992884,-1.15684178265804,-4.36713690038269,1.00203449698187,-1.23620852791533,0.678814103163457,-0.90188630556706,-1.93149431489699,3.64804590911015,"1"
-1.09365915848442,0.311993021489752,0.408230586052755,-3.5403281598142,1.12409363490003,1.50476751925242,0.103126381118266,-0.994191459884599,-1.84382381631988,1.82003134078277,"2"
1.30511608269473,4.8372709334709,-1.52262012251913,0.868963830369259,2.56433901692093,-3.15811808582269,-0.634706110743482,-2.61126437299628,2.547794100277,0.779947714229135,"3"
2.36567142012438,3.82373983364479,-0.17224874497987,1.95198041011416,1.21639385575829,-6.02685166398024,0.554686612895768,-3.99006237590957,0.712347429046859,1.42120241212325,"3"
1.5599416435527,3.74459715360513,-2.30019255322341,4.42056780121444,1.66455806510488,-2.89523654207387,-0.926585123348376,-1.61201924641026,0.328191628160166,1.11364774933024,"3"
-0.372795879096714,1.75166934809534,-1.46533663120421,-0.25435716822792,1.18037818282209,-1.45883418073847,-2.47082802163873,-0.133845663318473,-1.02053537006218,1.04211492083044,"1"
0.835870862468537,-0.104308706729225,-3.42053546118561,-4.49984938249575,3.10383045933731,-0.857557535358791,-0.80915468591496,-0.810484375186066,-1.91586011881911,4.66484226343788,"2"
-0.161002001574183,-0.558218294874256,0.566299856742449,0.26171774123829,-2.08932378491496,-0.29754825988515,-0.820779501835251,1.13161489274403,2.01747352606885,-1.46296599275724,"1"
0.816269417368416,2.95952033041853,-0.203158724013888,-0.112954259278201,1.75334599553791,-1.60124694597319,-1.35550341606281,0.0429046109810442,2.48006664622981,2.10765855172987,"3"
1.8423967506055,4.28057318283933,-0.184625299464084,0.824475513297657,1.21639385575829,-3.34791106497168,-0.921334434989711,-3.48995677064796,0.918263863839726,0.428357256234521,"3"
1.2020481162392,-0.748046789327597,1.77280041028362,-0.844655521011897,-0.351191926237867,0.803265097575605,0.862676863949363,-1.20271105343973,1.1806203981671,-0.451209069384611,"1"
1.6892007555157,1.53850822543392,-1.11780703277534,-5.67576796528988,1.55637959795684,0.0359871691053015,0.313042146244202,-0.480804903852651,0.115152571074697,5.02808999601691,"2"
-0.43321358308395,-0.472446019949263,-0.381043579677575,-0.307629800983127,-0.388511025792482,0.723915524676115,0.643999870745679,0.694211077015048,-1.00282735433697,0.926845120105067,"1"
2.64052373742282,2.47786741190314,-1.96583627250876,-3.19443943936613,2.48180878388305,-0.73502168407176,0.561666936585429,0.736411836356784,-2.84059870886571,2.55180352498581,"2"
1.57660964054002,5.1000291523783,-1.12934106070868,1.53553859146809,3.24656022357057,-3.34791106497168,-0.921334434989711,-2.95941333683792,1.43567892040727,1.75441967845235,"3"
1.29180714232965,6.46134429684682,-1.12934106070868,1.39274947162596,1.73416768094035,-1.39787838013029,-1.62172070364366,-2.12804728615384,0.224734994323924,1.60785905751936,"3"
-0.428701447575938,0.401485972274047,0.566299856742449,-1.4140469343598,1.09030927962579,-1.12605916626368,-1.16300454169272,-0.133845663318473,-0.786166895677472,1.04211492083044,"1"
0.790749197868209,2.10993057064897,-1.11600451881193,-0.370716910763809,3.35253545554471,-2.64755268153384,-0.0628136295086538,-1.52675275957815,0.184633841709994,0.989204261086617,"3"
0.29739985808313,0.685850545370334,-0.417412159801631,-2.83186872647953,1.13840534362949,0.910850315128961,0.0258674663550703,-0.269681466150168,-0.583087586053647,4.02394536748442,"2"
1.04420999580591,-0.0640650040241585,-1.34938131395416,-0.804845367240766,-1.23888849637422,1.13184920237106,1.80753452366889,0.17942337811706,0.128416946396343,-0.447912972408879,"1"
0.653588874229177,1.46677249745205,-1.96951282986173,0.189764320750504,1.75334599553791,-1.67877251659151,0.561666936585429,-0.0580167303754203,-0.917158885642878,1.04211492083044,"1"
0.413707215713786,-1.03085528426665,-0.747760662123647,0.723778773033906,0.07980551166104,-1.69618296762174,-0.940685773768099,0.738155136691475,0.429021602712991,-0.912499775294658,"1"
0.895138911129185,2.00291686168179,-1.32961713696351,-2.37919928574814,2.24253950691591,-1.45883418073847,-0.871422421488027,0.526480404983191,-2.61071759616662,2.68641023176547,"2"
0.790749197868209,2.95952033041853,-0.203158724013888,0.719305640512649,1.58861939566401,-2.87535646603137,0.41690238603944,-1.5711427853427,2.0504180265867,1.47537171477797,"3"
-0.0189325531120688,0.190528200396511,-0.755194739188785,-0.854059632053409,-0.814444361493191,-0.0791184072184999,1.7462254240457,0.104510120762038,1.1806203981671,-0.536452829709852,"1"
-0.181791381240815,-0.844316485316752,-3.77726635139644,-4.95692469582151,2.68636718254406,-2.48487551962953,-1.92412193975022,-1.52780443309558,0.295663192383254,1.86323380339758,"2"
0.204376543138383,-0.549155414075955,-0.277741542564569,0.582221485202723,1.01962631092635,-0.533631422508317,-0.820779501835251,1.20744255910425,-1.04770764083195,0.738260608427178,"1"
1.55867893085088,5.1000291523783,-1.89904339499522,3.41356908691038,0.63622408540157,-2.05437400189348,-2.92181849067887,-2.27861271620365,0.911962816811179,1.09348500120003,"3"
1.02971566214889,3.2699317449052,0.146462216617478,3.4788452020428,3.28824814871815,-3.06858169009858,1.27064395546547,-2.3543672368798,-0.767529413853585,0.10242271942617,"3"
-2.15225523369046,-0.0624368060889322,-0.107630099069404,-0.973567581649535,0.049973770165506,-0.0791184072184999,-1.02216921899285,1.12808893095623,0.279429523380525,-0.18743075483695,"1"
0.380992955530463,0.479870530638825,1.27253326091009,0.112449568928721,-0.636999795419946,2.06324473142724,1.22697789972525,1.2538043445968,-0.540215082826201,-0.417138608886297,"2"
2.34077939372866,0.0430837496569212,-1.4675906198236,-0.394959539601058,1.73274274491664,0.723915524676115,0.255172140813366,1.95438222973766,0.0572960475944303,-0.447912972408879,"1"
-2.15225523369046,0.355534321541291,-0.0874469064976384,0.276221638370774,0.717493771737807,-1.27111627196973,-1.1226002796854,0.975513891092459,0.798022406449947,0.989204261086617,"2"
1.05473992099975,5.59745378476589,-1.01380974056594,2.54568679830312,1.36348502633401,-2.37845693403922,-0.421961802386438,-2.33119931934607,1.32226479291215,1.26590799759782,"3"
0.31202382571904,0.685850545370334,-1.23411978903499,-4.36713690038269,0.17769328588928,-1.34482274614161,1.05013198579814,-0.391542216985029,0.734771431822246,2.46348528304685,"2"
2.3174101143921,0.809213562771197,-1.02999461258171,-5.33684465529303,1.75050395210206,-0.423193528089279,0.895747823170107,-0.277042344920931,-1.88385971753111,2.10358142692042,"2"
0.494899840556657,4.6071863531155,-0.377191877214559,0.423627705829893,1.85715584908941,-2.67340612227511,1.39346628595572,0.20973662335257,2.31516513444752,1.96534733900547,"3"
4.45495373055163,-0.648961880465185,0.0474275197915634,-4.17402694938055,1.55606637262081,1.7783940976857,-1.02206778057389,0.278507133720154,0.295663192383254,1.3057177534482,"2"
0.966246160287789,-0.460871599887384,1.77280041028362,-0.844655521011897,-1.23888849637422,0.803265097575605,0.643999870745679,-1.34033746094443,1.34225332167859,-0.61358165145986,"1"
-0.597463825768734,3.30458266938035,0.274627298195847,1.01847564748437,0.324222266847321,-4.00468628194894,-0.913728070652266,-1.67485624902336,0.624588815197832,1.03587041377542,"3"
3.02270464068523,1.94452284674748,-0.929628486684956,-5.26690517191924,2.68355416729375,-1.45883418073847,-0.413766703420461,0.0842361235644052,-2.26612355047332,2.99807803326343,"2"
1.63556581523315,3.21593381758223,-0.302567458185587,-0.112954259278201,3.21450013611467,-1.50859019106186,-1.35550341606281,0.0429046109810442,3.37873807084232,1.47537171477797,"3"
1.06433009992707,1.23329007004288,-1.29640536518155,-2.37919928574814,-0.444833762509621,-2.62853555879855,1.9856396032548,0.100918896766603,0.399208994532729,1.46387337653358,"2"
0.61155476059734,-0.110358096022233,-4.95941837037199,-4.49984938249575,2.97702724016859,-0.614488295009076,0.900795614779679,-0.0496143419779174,-0.696069950587297,2.73656911378407,"2"
0.31202382571904,0.691092940408418,-1.15684178265804,-4.69030752595242,0.17769328588928,-1.45969139810809,1.50179935780313,-0.910171407051715,-0.943878263908618,2.10358142692042,"2"
0.260857322284539,0.685850545370334,-1.32328440864484,-4.84571026693655,2.97702724016859,0.449450281277942,0.763714913613584,0.881634433842718,-1.70435039185876,2.66706551946182,"2"
1.30511608269473,3.3701423630562,0.146462216617478,1.84239745547199,0.928339081925379,-2.47849360743819,-0.921334434989711,-2.97008285027903,-0.12593903893832,0.681373366604773,"3"
0.933906122771983,-0.460871599887384,1.77280041028362,0.630218535931262,-0.273164929086838,2.06324473142724,1.06645944026119,0.129328600992773,-0.563092229525978,0.616646222253532,"1"
1.64183714520091,1.53850822543392,-0.804176585898191,1.28413583114518,1.18471538987701,-1.69618296762174,-0.636129865322244,0.738155136691475,0.429021602712991,0.240863735367661,"1"
0.406228849372152,-0.986683355689747,-1.87067988494091,0.180445064109682,0.781679229321864,0.206664593730361,0.964619457563568,0.371009407435372,-0.563092229525978,1.5372673984854,"1"
-0.0167440182684015,4.37504297491526,-1.52928067594764,2.50308969620674,2.79444697666624,-3.06858169009858,0.864399515781272,-2.51225483391869,2.94209470113711,2.47123443371631,"3"
3.87238127992777,0.0943724679540433,-1.67145613210009,-0.166117607760699,0.111824920727334,-0.553903418407257,0.467125416536483,0.351000966884726,-0.191500418169037,-1.61177010256201,"1"
0.317647964328452,4.64461680600073,-0.0299150066659163,3.20568059920556,1.19743883236934,-2.76354733648337,0.573937951439986,-3.1873712378596,0.0669991449764189,1.99670336972861,"3"
0.502027889704292,4.6071863531155,-0.51400402930833,0.454122843281014,2.37604618896525,-2.63986836216944,0.308959431301577,-0.840435465797845,2.0504180265867,2.54989784029238,"3"
0.0834469432740749,3.04907272769057,-1.24628792486021,0.918767647850337,1.18471538987701,-2.568947415084,-0.189167998211459,-3.48995677064796,2.3304336942873,1.34483149717968,"3"
0.764872253606282,0.689533481955043,-2.48903528812079,-1.03581544603764,-0.703231448501517,-1.21403676656938,1.2950454897745,-0.636078127402097,-0.139656895019376,0.989204261086617,"1"
0.112544213649964,2.67427859810696,-0.150764031945366,1.94811190556668,1.58861939566401,-1.39787838013029,-2.09154893562571,-2.10104309603753,-0.12593903893832,1.78983130645205,"3"
2.47336188533878,1.16536636039329,-1.96583627250876,-3.2514042128933,-0.444833762509621,-0.760449882507926,1.3129876434547,0.100918896766603,-2.971054247623,4.10098459668457,"2"
1.65715013846803,1.54802214504811,-0.804176585898191,-0.315034618926401,0.554488201057755,-0.186650535169239,-0.327872235201542,-1.35817368675104,-0.885041835774543,0.328929144205405,"1"
0.503374832118708,4.64685917142453,-1.05288657815476,0.423627705829893,2.37604618896525,-2.45635603550145,1.39346628595572,-2.22976093404412,2.547794100277,1.47537171477797,"3"
0.653588874229177,-0.110358096022233,-1.42740914285525,-1.83406079837392,1.09030927962579,0.543144117482905,-0.59688489958776,1.40742805722226,0.862422610834694,-0.485129782170359,"1"
1.91760536145759,-0.268171135751337,-3.09803379616292,-4.39983918454726,0.579974878359593,-0.417415571485139,1.50179935780313,-0.939964109099455,-1.77739845979507,3.18584360048137,"2"
1.04420999580591,5.59745378476589,-1.02632894559135,1.25694734793309,1.73416768094035,-1.32864194564097,-1.13480434447711,-0.965551103402561,0.706205452377558,0.0782249195714836,"3"
-0.621226040453199,0.640865525152513,-0.425433461465126,-0.195479034283288,-0.0159969131125337,-0.050562568548958,0.301679036621788,3.41502219063592,-0.517062801814717,2.39356508183359,"1"
0.717737950584654,0.689533481955043,-1.32961713696351,-0.370716910763809,-1.88059501590142,-1.59396476442738,-0.507819979549594,0.526480404983191,1.05679022373313,0.813409996449698,"1"
0.494899840556657,2.58748100362235,-0.386253438253943,0.719305640512649,1.18471538987701,-2.91352579818274,-1.58227546679018,-2.18981567765682,-0.139656895019376,-0.899429495485141,"3"
-0.408467493611427,4.0340044155441,-1.46533663120421,-0.092790140928932,0.902152969476928,-3.15811808582269,0.0820283122670221,-3.21222031442623,0.778450626636448,2.20965689835424,"3"
1.2020481162392,1.11964935136025,-2.01976152939424,-2.55019683447194,0.782651811965798,-1.01742162088859,0.402245194013032,0.17942337811706,0.225493537570625,4.10098459668457,"2"
0.163050172403899,2.67427859810696,-1.24628792486021,3.24565256666451,2.47935909438001,-1.57504632393143,0.678863618659028,-1.77019949116801,2.34475814886973,1.47537171477797,"3"
1.29848376079203,3.3701423630562,-0.676169971096536,2.33565952794777,1.85011456298056,-2.47849360743819,-0.0172126570363304,-2.3543672368798,1.73807797739094,1.62743975779841,"3"
-0.341983980226838,-1.69629528120796,-0.436858545977743,0.71180979419004,-0.273164929086838,-1.94409974479891,-1.66392664144882,-1.44161681076818,-0.917158885642878,-1.08102523257785,"1"
1.15956202243814,5.30105398869099,-1.01380974056594,0.868963830369259,2.58583268764981,-2.60301223215965,-0.503939985205266,-0.840435465797845,2.31516513444752,0.7461587580525,"3"
1.39558262880523,-0.418088563809381,-1.56673329614959,-3.75472973706413,3.0486761555961,-0.103191347281447,0.415888094360845,-0.0496143419779174,-3.05658393725573,2.10358142692042,"1"
0.358926709616643,0.479870530638825,0.461642280025259,-0.350565563700913,1.04882159480554,1.53889958526639,0.621153079507447,1.2538043445968,-0.152096741200123,0.147839879059204,"1"
0.681863472965807,1.46677249745205,-1.27768675725911,0.180445064109682,4.52158830770149,-0.390610941650715,-0.0628136295086538,0.865135667792368,-0.414006384686833,-0.965527556761162,"1"
0.899317693305212,0.585192328953753,-0.981187188054693,-5.33684465529303,1.00203449698187,1.03280434022534,-1.00770689334483,-0.910171407051715,-1.91586011881911,3.59981532661043,"2"
1.32028414681365,2.62207730915668,-1.11780703277534,3.24565256666451,0.601590843210822,-2.13176836974455,-0.646058279035162,-0.79814195805035,-1.01202570601621,-1.22658953731433,"3"
0.400342841461582,-0.986683355689747,-0.747760662123647,-0.315034618926401,-2.26502777321854,-1.27196249788918,1.04343175685399,1.77790609121842,-0.0893892831880765,0.813409996449698,"1"
1.30511608269473,0.666956996219825,-3.06947953173667,-2.65026048225982,2.91050424568359,-1.01742162088859,0.554950939711491,0.908041875060485,-1.4376867892493,2.46348528304685,"2"
-0.641451027157534,-0.5039745988701,2.04263572161117,-0.428324997072995,-0.0335527681443578,0.884135432036957,-0.00682941306043621,1.95438222973766,0.0318034423062465,-0.447912972408879,"1"
1.00033350618584,0.837790337222358,-2.29423405428593,-2.25671604466071,2.64551729542929,-1.51707539292628,2.33502194289469,-0.269681466150168,-1.37524103187199,2.24598265528794,"2"
1.9925691385016,0.795545341041117,-4.56215303807208,-4.04228309537636,0.398197088325391,1.33272702727767,-0.532451776092954,0.479257717497541,-0.152683469138046,4.66948846265686,"2"
2.96721684263462,4.96413679680915,-1.41397748277515,1.53553859146809,2.64042096213621,-3.34791106497168,2.19235854571559,-0.313216869337687,2.73611031853446,0.256279268322079,"3"
0.358926709616643,3.34509824090003,1.27253326091009,3.20577643305899,2.31481095312723,-0.922791180765086,0.832936928829472,-1.96124957837576,1.09797096145796,0.10242271942617,"3"
0.904101629828677,6.47811640384566,-2.88357976434973,4.42056780121444,0.446591618438978,-2.37845693403922,-1.88263868497791,-1.67485624902336,-0.366088416743575,1.2177849636768,"3"
-0.27611447024942,4.53309930787866,-0.0299150066659163,1.69907983094568,1.912670027271,-1.67705367867339,-2.65849170922583,-1.44294737323829,0.404189582929594,-0.856451907031266,"3"
2.82396188162111,1.64921763865241,-3.14032114145006,-4.91363540239524,1.87225081936197,-0.805928079068663,-0.413766703420461,0.320768173331089,-0.510262946994981,2.94932185242845,"2"
-0.352292205317484,1.21608137043293,-1.16225578555191,-1.94505988386458,0.327151106210679,0.449450281277942,1.7462254240457,-0.636078127402097,0.218414824539096,0.29733767244304,"1"
1.06433009992707,1.23329007004288,-3.5205124259446,-3.73157271065469,2.15281349624917,0.546835598787745,-0.735556457400013,-0.609886258769948,-0.738402567171662,5.02808999601691,"2"
0.495854286558561,4.64685917142453,0.0503996245882027,0.890672672270783,2.56433901692093,-3.15811808582269,-1.39813690204665,-1.43671732597431,0.0669991449764189,1.14951930100311,"3"
4.45495373055163,0.154602878628249,-1.67145613210009,-4.14411367232065,0.611078670992422,-0.423193528089279,0.895747823170107,-0.939964109099455,-0.266286777736316,1.3057177534482,"2"
0.582712430258293,1.19969198184229,-4.95941837037199,-4.43665394750206,0.966105428890424,-0.797440529997912,-0.776060128557061,-0.233755175893583,-1.19444341682805,2.23186003957401,"2"
-0.592782854097524,3.30458266938035,0.274627298195847,3.13576656967956,1.37560267683192,-4.00468628194894,0.567462633427908,-2.05084481047762,0.0669991449764189,1.85931391518111,"3"
-0.641451027157534,3.30458266938035,1.18607921952696,3.71441971679194,0.324222266847321,-0.850297123546409,-0.327872235201542,-0.0874577949356747,-0.65280330173169,-0.0242288203332148,"3"
1.24029936933838,4.05910469289988,-0.934424351307968,1.2970798409123,2.50327258335391,-3.06858169009858,-0.677310589860826,-2.64697873421455,1.83629001466391,0.277012704349919,"3"
3.87238127992777,1.94452284674748,-2.45191260048589,-3.2514042128933,1.38404765203742,-0.123637149153248,-1.04847615096771,0.514689441847853,-0.98053282899454,2.78479308089442,"2"
-1.15137683029786,-0.155373607223852,0.493971069008718,0.303947446026481,0.391644039003216,1.53889958526639,1.09262463541268,1.95438222973766,-1.0416966442703,0.864613125427886,"1"
-2.27258619223142,-0.0624368060889322,-0.635907807424587,0.303947446026481,0.391176126988452,0.771589366490567,-1.02216921899285,0.659687452688402,-0.820312172222416,-0.427160888569429,"1"
-2.15225523369046,0.843111121816649,-0.0874469064976384,1.43177686047278,0.946100396565715,-0.533631422508317,1.7344887835191,0.982883506924947,1.33850171654783,-1.70074824417066,"1"
0.29739985808313,4.64461680600073,-0.627334065805249,2.25300842020598,1.95484931006051,-0.326723053777842,0.0920701857467392,-1.41982773212232,3.02385031089065,2.10765855172987,"3"
-0.621226040453199,3.30458266938035,-0.425433461465126,3.95347614113292,0.902152969476928,-2.54021200651675,-0.439731552131127,-2.97008285027903,0.436736441539364,0.157061201831559,"3"
0.611839815699779,-0.784045430632184,-2.6308663847948,-4.62193701968198,2.48425411440537,0.0431251927346251,-1.92412193975022,-0.810484375186066,-1.49930988315911,3.37217108120351,"2"
0.984219939302739,0.837790337222358,-3.5205124259446,-2.25671604466071,0.425044667553611,-0.527618373273588,0.402245194013032,-1.05538667517926,-2.06161682618787,2.03495613138714,"2"
0.686086362459403,4.12654437734869,-1.86827870479043,4.42056780121444,1.00043505246492,-2.55733368905474,-0.421961802386438,-3.48995677064796,-0.852077349458185,-1.28458504686783,"3"
-0.714319070430321,1.2375086783741,0.518348942645422,0.342782126681932,0.998553886559668,-0.213955733683918,0.0104999269313551,-0.0580167303754203,-0.705172370238914,0.838904858559653,"1"
-0.372795879096714,-0.472446019949263,-0.381043579677575,1.48250143244506,-0.196054034387978,-0.979161325522997,0.288972415690193,0.351000966884726,-0.786166895677472,0.838904858559653,"1"
0.772664073061093,0.689533481955043,0.517123106339237,0.112449568928721,-1.76943626408216,0.232594945704749,0.441400806967012,0.159770482710211,0.128416946396343,-1.61177010256201,"1"
1.76507765388719,0.234738925472001,-2.78926903233561,-4.28547631855674,0.611078670992422,-0.693162816948382,0.895747823170107,-0.186258362806332,-2.971054247623,3.61329301696205,"2"
1.20127148939919,-0.748046789327597,0.275654311326498,2.4264819941739,-0.90136848073281,1.09245427036741,-1.10741903067007,0.571900612093179,-0.191500418169037,-1.16453637459794,"1"
1.70323693895581,4.28057318283933,-1.41397748277515,0.376852458461016,1.72834559855704,-3.34791106497168,0.308959431301577,-2.64697873421455,2.547794100277,2.47478396452357,"3"
0.204376543138383,0.834228327700457,-3.41509270291864,-4.49984938249575,1.09958289077488,0.0274693430972499,-0.933850089125964,-0.910171407051715,-2.56091963939087,3.13852242848941,"2"
-0.411459458899044,4.0340044155441,-2.09370739267105,2.11247187290714,0.155082944125977,-2.54021200651675,-1.88263868497791,-2.65094215710957,1.26646128929259,1.13842198440252,"3"
-0.494436235204741,2.21358464498838,-2.09370739267105,-1.94505988386458,1.24035431470799,-1.2270379871697,-0.871422421488027,0.914485507686305,2.29747063711077,-1.14448217657077,"3"
-0.0382667295934072,4.20834733597416,-0.0299150066659163,2.12216885286067,2.79444697666624,-0.499378430332786,-1.01532365355415,-4.98036669407557,-0.12593903893832,0.668987825839881,"3"
0.904101629828677,6.47811640384566,0.767342185475327,1.53553859146809,1.85715584908941,-1.62307258223229,-1.16508371319417,-1.61536090612403,-0.106366784875567,1.60785905751936,"3"
-0.821409944885916,1.2375086783741,-0.425433461465126,-0.0713020092744618,-1.76943626408216,-1.59396476442738,0.211913994733797,-0.630297080067799,0.542833358524921,-0.211712932536393,"1"
